cuid,created_at,provider,model,temperature,input_tokens,output_tokens,reason
105b053e-b056-403e-a181-9d22b9f9c0e4,2025-04-17 10:24:57.142075+00:00,google,gemini-2.0-flash-thinking-exp,0,3720,283,"Root causes, law, fairness."
484627a3-4cb3-484d-972d-07bdc61696d0,2025-04-17 10:25:24.557427+00:00,google,gemini-2.0-flash-thinking-exp,0,3402,125,Address root causes abroad enforce laws in Sweden
e06e28ee-330c-4e62-b334-ee51eb94cdce,2025-04-17 10:25:44.627739+00:00,google,gemini-2.0-flash-thinking-exp,0,3720,288,"Focus on source countries, enforce laws, limited Swedish responsibility."
48ff25a4-fb27-4d45-999b-0c687b209919,2025-04-17 10:26:06.697721+00:00,google,gemini-2.0-flash-thinking-exp,0,3402,127,"Source country focus, enforce laws, limit begging."
3ad9c7fa-f115-432a-b1da-595af0b10f75,2025-04-17 10:26:23.024871+00:00,google,gemini-2.0-flash-thinking-exp,0,3720,288,"Focus on source countries, enforce laws, limited Swedish responsibility."
699e659e-2ec3-4bc2-b767-9dae1946e14a,2025-04-17 10:26:43.715791+00:00,google,gemini-2.0-flash-thinking-exp,0,3720,287,"Address root causes abroad, enforce laws, limit aid."
a2acf08c-640c-45bb-972b-103d822b9c17,2025-04-17 10:27:00.645745+00:00,google,gemini-2.0-flash-thinking-exp,0,3402,132,"Focus on source countries, enforce laws, and avoid enabling begging in Sweden."
71fe5782-4605-422a-8975-f4443d43fcf1,2025-04-17 10:27:18.304503+00:00,google,gemini-2.0-flash-thinking-exp,0,3720,282,Source focus law limit local aid
5bbd1dc1-084d-4965-b6e5-fabbe9747cfa,2025-04-17 10:27:39.201508+00:00,google,gemini-2.0-flash-thinking-exp,0,3720,283,Address root causes abroad enforce laws fairly
b16f4ab8-dec4-4fa2-b711-ba5040515fce,2025-04-17 10:28:05.830094+00:00,google,gemini-2.0-flash-thinking-exp,0,3720,287,"Enforce laws, address root causes, manage begging."
